[
  {
    "dimension": {
      "f_135804_": "minecraft",
      "f_135805_": "overworld"
    },
    "id": "8b9b2c06-f5ac-434c-b1b8-179d99f71902",
    "ownerID": "2c7a7dfb-5ab8-37cd-8983-983cba03cc68",
    "pos": {
      "f_123285_": 290,
      "f_123286_": 48,
      "f_123289_": 286
    },
    "type": 1
  },
  {
    "dimension": {
      "f_135804_": "minecraft",
      "f_135805_": "overworld"
    },
    "id": "bc51e04e-9026-4932-8a4f-d99adde47de8",
    "ownerID": "c5e1d0bd-212d-35dc-873b-5747abe17b27",
    "pos": {
      "f_123285_": -11,
      "f_123286_": -22,
      "f_123289_": 165
    },
    "type": 0
  }
]