{"stats":{"minecraft:dropped":{"minecraft:beetroot_seeds":1,"enigmaticlegacy:cursed_ring":1},"minecraft:custom":{"minecraft:time_since_rest":837,"enigmaticlegacy:play_time_with_seven_curses":0,"minecraft:play_time":18603,"lootr:looted_stat":7,"minecraft:sprint_one_cm":18273,"minecraft:deaths":3,"minecraft:damage_taken":944,"minecraft:walk_one_cm":20170,"minecraft:sneak_time":295,"minecraft:walk_under_water_one_cm":2014,"minecraft:drop":2,"minecraft:jump":237,"minecraft:damage_dealt":4,"minecraft:time_since_death":782,"minecraft:walk_on_water_one_cm":1164,"minecraft:sleep_in_bed":1,"minecraft:total_world_time":18603,"enigmaticlegacy:play_time_without_seven_curses":18487,"minecraft:climb_one_cm":5611,"minecraft:damage_resisted":0,"minecraft:swim_one_cm":5468,"minecraft:fall_one_cm":8863,"minecraft:fly_one_cm":40764},"minecraft:picked_up":{"enigmaticlegacy:cursed_ring":1,"minecraft:beetroot_seeds":1,"byg:green_apple":4,"minecraft:lantern":1},"minecraft:mined":{"byg:green_apple_skyris_leaves":1,"byg:green_apple_fruit_block":2,"minecraft:oak_leaves":3},"minecraft:killed_by":{"takesapillage:legioner":1,"minecraft:zombie":1},"minecraft:used":{"minecraft:oak_log":1,"minecraft:porkchop":1,"minecraft:bread":1,"byg:green_apple":1,"alexsmobs:animal_dictionary":1}},"DataVersion":3120}