{"stats":{"minecraft:killed":{"iter_rpg:goblin":4,"sons_of_sins:betrayed_guzzler":1,"minecraft:pig":2,"alexsmobs:maned_wolf":1,"iter_rpg:goblin_warrior":7,"alexsmobs:fly":1,"iter_rpg:hobgoblin":1},"minecraft:custom":{"minecraft:time_since_rest":9732,"enigmaticlegacy:play_time_with_seven_curses":0,"lootr:looted_stat":2,"minecraft:sprint_one_cm":41366,"minecraft:damage_taken":561,"minecraft:walk_one_cm":77545,"minecraft:mob_kills":17,"minecraft:drop":27,"minecraft:damage_dealt":1990,"enigmaticlegacy:play_time_without_seven_curses":26649,"minecraft:interact_with_crafting_table":3,"minecraft:fly_one_cm":61733,"minecraft:open_chest":4,"minecraft:crouch_one_cm":272,"minecraft:play_time":26649,"minecraft:interact_with_campfire":5,"minecraft:sneak_time":98,"minecraft:jump":271,"minecraft:damage_dealt_resisted":0,"minecraft:time_since_death":26649,"minecraft:sleep_in_bed":1,"minecraft:total_world_time":26649,"minecraft:fall_one_cm":6502},"minecraft:dropped":{"farmersdelight:tomato_seeds":2,"alexsmobs:maggot":1,"alexsmobs:acacia_blossom":1,"minecraft:bowl":4,"minecraft:acacia_sapling":12,"sons_of_sins:ribs":1,"farmersdelight:ratatouille":9,"minecraft:stick":1},"minecraft:crafted":{"minecraft:stick":4,"minecraft:acacia_planks":28},"minecraft:mined":{"minecraft:acacia_leaves":1,"minecraft:red_bed":2,"minecraft:grass":8,"minecraft:acacia_log":7,"minecraft:lime_wall_banner":1,"minecraft:dead_bush":1,"farmersdelight:wild_tomatoes":1},"minecraft:used":{"farmersdelight:ratatouille":3,"minecraft:lime_banner":1,"minecraft:wooden_sword":27,"sons_of_sins:sickle_of_struggle":40,"minecraft:red_bed":1,"alexsmobs:animal_dictionary":2,"sons_of_sins:heart":1},"minecraft:picked_up":{"minecraft:stick":3,"minecraft:cooked_porkchop":5,"minecraft:acacia_log":7,"alexsmobs:acacia_blossom":1,"minecraft:bowl":1,"minecraft:porkchop":5,"farmersdelight:tomato_seeds":2,"sons_of_sins:muscle":3,"sons_of_sins:ribs":1,"sons_of_sins:flesh_of_demise":7,"minecraft:red_bed":2,"minecraft:raw_copper":1,"minecraft:lime_banner":1,"minecraft:gold_nugget":1,"iter_rpg:coin":4,"sons_of_sins:heart":1,"minecraft:iron_nugget":2,"alexsmobs:maggot":1,"sons_of_sins:sickle_of_struggle":1,"farmersdelight:ratatouille":9,"minecraft:acacia_sapling":12}},"DataVersion":3120}