{"stats":{"minecraft:custom":{"minecraft:open_chest":3,"minecraft:time_since_rest":14649,"enigmaticlegacy:play_time_with_seven_curses":0,"minecraft:crouch_one_cm":103,"minecraft:play_time":14649,"minecraft:sprint_one_cm":19565,"minecraft:damage_taken":78,"minecraft:walk_one_cm":34469,"minecraft:sneak_time":53,"minecraft:drop":15,"minecraft:jump":100,"minecraft:damage_dealt":73,"minecraft:time_since_death":14649,"enigmaticlegacy:play_time_without_seven_curses":14649,"minecraft:total_world_time":14649,"minecraft:interact_with_crafting_table":2,"minecraft:fall_one_cm":3193,"minecraft:fly_one_cm":22117},"minecraft:dropped":{"farmersdelight:tomato_seeds":2,"farmersdelight:ratatouille":1,"minecraft:bowl":3,"minecraft:acacia_sapling":12,"minecraft:stick":1},"minecraft:crafted":{"minecraft:acacia_planks":28,"minecraft:stick":4},"minecraft:mined":{"minecraft:grass":4,"minecraft:acacia_log":7,"minecraft:acacia_leaves":1,"minecraft:dead_bush":1,"farmersdelight:wild_tomatoes":1},"minecraft:used":{"farmersdelight:ratatouille":2,"alexsmobs:animal_dictionary":1},"minecraft:picked_up":{"minecraft:stick":1,"minecraft:bowl":1,"minecraft:acacia_log":7,"farmersdelight:tomato_seeds":2,"minecraft:acacia_sapling":12}},"DataVersion":3120}