{"stats":{"minecraft:dropped":{"minecraft:oak_trapdoor":1,"atmospheric:rosewood_chest":2,"minecraft:stone_sword":1,"minecraft:feather":1,"minecraft:rotten_flesh":6,"undead_unleashed:grave_metal_scrap":3,"minecraft:leather_helmet":14,"enigmaticlegacy:cursed_ring":1,"minecraft:diamond_sword":1,"minecraft:shield":1,"minecraft:iron_chestplate":1,"minecraft:wooden_axe":1,"forbidden_arcanus:spawner_scrap":1,"farmersdelight:rope":26,"minecraft:arrow":1,"minecraft:wooden_pickaxe":1,"minecraft:bone":1},"minecraft:custom":{"enigmaticlegacy:play_time_with_seven_curses":0,"lootr:looted_stat":43,"minecraft:mob_kills":23,"enigmaticlegacy:play_time_without_seven_curses":49970,"minecraft:interact_with_crafting_table":14,"minecraft:damage_dealt_resisted":0,"minecraft:leave_game":2,"minecraft:time_since_death":31365,"minecraft:sleep_in_bed":1,"minecraft:climb_one_cm":4122,"minecraft:damage_resisted":0,"minecraft:time_since_rest":23961,"minecraft:sprint_one_cm":96591,"minecraft:damage_taken":2530,"minecraft:walk_one_cm":83831,"minecraft:drop":33,"minecraft:damage_dealt":9982,"minecraft:swim_one_cm":19823,"minecraft:fly_one_cm":48475,"minecraft:crouch_one_cm":1297,"minecraft:play_time":50025,"minecraft:deaths":2,"minecraft:sneak_time":1017,"minecraft:walk_under_water_one_cm":9139,"minecraft:boat_one_cm":318,"minecraft:jump":270,"minecraft:walk_on_water_one_cm":11611,"minecraft:total_world_time":50025,"minecraft:fall_one_cm":6607,"minecraft:horse_one_cm":7346},"minecraft:picked_up":{"iter_rpg:spawner_fragment":4,"sophisticatedbackpacks:gold_backpack":1,"minecraft:leather_chestplate":1,"minecraft:crafting_table":1,"minecraft:feather":1,"minecraft:exposed_copper":1,"minecraft:wooden_pickaxe":1,"minecraft:birch_planks":14,"minecraft:oak_log":1,"atmospheric:rosewood_chest":2,"minecraft:dirt":1,"minecraft:string":2,"minecraft:oak_trapdoor":1,"minecraft:bone":6,"minecraft:gray_carpet":5,"comforts:sleeping_bag_white":2,"minecraft:grindstone":1,"minecraft:melon_slice":14,"minecraft:oak_planks":3,"minecraft:dark_oak_stairs":4,"minecraft:book":24,"minecraft:spruce_stairs":1,"undead_unleashed:grave_metal_scrap":11,"atmospheric:rosewood_boat":1,"atmospheric:rosewood_log":10,"minecraft:leather_helmet":15,"minecraft:dark_oak_planks":7,"minecraft:arrow":11,"minecraft:stone_sword":1,"minecraft:rotten_flesh":8,"farmersdelight:rope":26,"forbidden_arcanus:spawner_scrap":14,"minecraft:cracked_deepslate_tiles":1,"minecraft:wooden_axe":1},"minecraft:mined":{"minecraft:dark_oak_planks":7,"minecraft:deepslate_tiles":1,"minecraft:tuff":2,"minecraft:exposed_copper":1,"minecraft:sculk_vein":1,"minecraft:crafting_table":1,"atmospheric:rosewood_leaves":5,"minecraft:melon":3,"minecraft:sculk_sensor":1,"atmospheric:crustose":1,"minecraft:grindstone":1,"minecraft:spawner":15,"minecraft:spruce_stairs":1,"minecraft:birch_planks":14,"minecraft:dark_oak_stairs":4,"minecraft:cracked_deepslate_tiles":1,"minecraft:sculk_shrieker":1,"minecraft:bookshelf":8,"minecraft:oak_log":1,"minecraft:gray_carpet":6,"minecraft:cobweb":1,"atmospheric:rosewood_log":10,"atmospheric:golden_growths":1,"minecraft:deepslate":3},"minecraft:crafted":{"atmospheric:rosewood_boat":1,"minecraft:diamond_sword":1,"minecraft:diamond_axe":1,"minecraft:crafting_table":1,"minecraft:wooden_pickaxe":1,"atmospheric:rosewood_chest":1,"simplyswords:diamond_katana":1,"minecraft:iron_chestplate":1,"minecraft:shield":1,"minecraft:stick":8,"minecraft:iron_pickaxe":1,"minecraft:wooden_axe":1,"minecraft:iron_leggings":1,"minecraft:diamond_chestplate":1,"atmospheric:rosewood_planks":40},"minecraft:killed_by":{"minecraft:skeleton":1,"minecraft:creeper":1},"minecraft:used":{"alexsmobs:cooked_catfish":1,"simplyswords:diamond_katana":171,"minecraft:birch_planks":14,"minecraft:baked_potato":7,"minecraft:oak_planks":3,"minecraft:diamond_axe":23,"minecraft:iron_chestplate":2,"minecraft:dirt":1,"minecraft:crafting_table":2,"atmospheric:rosewood_boat":1,"minecraft:exposed_copper":1,"minecraft:wooden_axe":21,"minecraft:bread":5,"atmospheric:rosewood_planks":6,"minecraft:iron_pickaxe":34,"minecraft:iron_boots":3,"minecraft:diamond_sword":74,"minecraft:turtle_helmet":2,"atmospheric:rosewood_chest":1,"comforts:sleeping_bag_white":1,"minecraft:iron_leggings":1},"minecraft:killed":{"minecraft:parrot":1,"minecraft:skeleton":15,"vinery:mule":1,"minecraft:zombie":4,"minecraft:drowned":2,"undead_unleashed:haunter":1}},"DataVersion":3120}