{"stats":{"minecraft:dropped":{"alexsmobs:animal_dictionary":1,"minecraft:birch_sapling":1,"minecraft:feather":1,"minecraft:rotten_flesh":4,"aquaculture:minnow":1,"iter_rpg:spawner_fragment":3,"minecraft:stick":4,"minecraft:diamond_sword":1,"ars_nouveau:worn_notebook":1,"aether:iron_gloves":1,"minecraft:iron_chestplate":1,"minecraft:spruce_pressure_plate":1,"apotheosis:gem":1,"minecraft:iron_door":1,"minecraft:diamond_helmet":1,"blue_skies:cooked_horizofin_tunid":1,"minecraft:wooden_pickaxe":2,"aquamirae:sharp_bones":2,"minecraft:acacia_planks":1},"minecraft:custom":{"enigmaticlegacy:play_time_with_seven_curses":0,"lootr:looted_stat":105,"minecraft:mob_kills":20,"enigmaticlegacy:play_time_without_seven_curses":76160,"minecraft:interact_with_crafting_table":8,"minecraft:damage_dealt_resisted":0,"minecraft:leave_game":3,"minecraft:time_since_death":22325,"minecraft:climb_one_cm":16154,"minecraft:damage_resisted":0,"minecraft:time_since_rest":22350,"minecraft:sprint_one_cm":165660,"minecraft:damage_taken":1524,"minecraft:walk_one_cm":140055,"minecraft:damage_blocked_by_shield":460,"minecraft:drop":24,"minecraft:damage_dealt":4716,"minecraft:swim_one_cm":89182,"minecraft:fly_one_cm":163985,"minecraft:open_chest":2,"minecraft:crouch_one_cm":7058,"minecraft:play_time":76263,"minecraft:deaths":4,"minecraft:sneak_time":3398,"minecraft:walk_under_water_one_cm":12515,"minecraft:jump":660,"minecraft:walk_on_water_one_cm":16038,"minecraft:total_world_time":76263,"minecraft:fall_one_cm":103483,"minecraft:inspect_dispenser":2},"minecraft:picked_up":{"iter_rpg:spawner_fragment":10,"minecraft:birch_log":5,"minecraft:crafting_table":1,"minecraft:feather":6,"minecraft:iron_door":1,"minecraft:birch_slab":7,"minecraft:diamond_sword":2,"minecraft:wooden_pickaxe":1,"minecraft:birch_planks":33,"minecraft:wither_skeleton_skull":1,"aquamirae:sharp_bones":2,"minecraft:acacia_planks":3,"minecraft:wheat_seeds":1,"minecraft:spruce_planks":5,"iter_rpg:water_fragment":2,"aquaculture:minnow":1,"minecraft:melon_slice":27,"minecraft:birch_sapling":3,"minecraft:book":86,"minecraft:spruce_pressure_plate":1,"minecraft:green_bed":1,"minecraft:stone_button":1,"minecraft:dark_oak_log":1,"minecraft:dark_oak_planks":14,"minecraft:arrow":6,"apotheosis:improved_scrap_tome":3,"minecraft:rotten_flesh":7,"minecraft:hay_block":3,"minecraft:stripped_dark_oak_wood":1,"minecraft:emerald":1,"minecraft:polished_blackstone":1,"minecraft:iron_bars":1,"forbidden_arcanus:spawner_scrap":16},"minecraft:broken":{"minecraft:wooden_axe":1},"minecraft:mined":{"minecraft:dark_oak_planks":14,"minecraft:spruce_planks":5,"minecraft:dark_oak_log":1,"minecraft:crafting_table":1,"minecraft:stone_button":1,"minecraft:melon":5,"minecraft:birch_slab":7,"minecraft:iron_door":1,"minecraft:spawner":26,"minecraft:hay_block":3,"minecraft:birch_planks":34,"minecraft:birch_log":5,"minecraft:fire":1,"minecraft:birch_leaves":2,"minecraft:stripped_dark_oak_wood":1,"minecraft:grass":2,"minecraft:bookshelf":38,"minecraft:iron_bars":1,"minecraft:spruce_pressure_plate":1,"minecraft:acacia_planks":4,"minecraft:polished_blackstone":1,"minecraft:green_bed":1,"minecraft:oak_leaves":1},"minecraft:crafted":{"minecraft:diamond_sword":1,"minecraft:crafting_table":4,"minecraft:wooden_pickaxe":1,"minecraft:birch_planks":20,"minecraft:iron_chestplate":1,"minecraft:diamond_pickaxe":1,"minecraft:stick":12,"minecraft:wooden_axe":1,"minecraft:dark_oak_planks":32,"minecraft:diamond_chestplate":1},"minecraft:killed_by":{"minecraft:zombie":3,"iter_rpg:scallop":1},"minecraft:used":{"alexsmobs:cooked_catfish":2,"simplyswords:diamond_katana":48,"minecraft:birch_planks":27,"aquaculture:atlantic_herring":1,"minecraft:polished_blackstone":1,"minecraft:wooden_pickaxe":3,"aquaculture:arapaima":1,"minecraft:spruce_planks":1,"minecraft:shield":33,"aquaculture:capitaine":1,"aquaculture:tuna":1,"minecraft:iron_chestplate":1,"minecraft:crafting_table":5,"minecraft:dark_oak_planks":17,"minecraft:wooden_axe":53,"minecraft:diamond_pickaxe":34,"minecraft:dark_oak_log":1,"aquaculture:carp":1,"minecraft:birch_slab":6,"minecraft:iron_axe":60,"aquaculture:boulti":2,"aquamirae:spinefish":2,"aquaculture:gar":1,"aquamirae:cooked_spinefish":1,"minecraft:diamond_sword":97,"minecraft:beef":8,"aquaculture:brown_shrooma":1,"alexsmobs:animal_dictionary":1,"aquaculture:atlantic_halibut":1,"minecraft:acacia_planks":2,"aquaculture:pink_salmon":1,"aquaculture:tambaqui":1},"minecraft:killed":{"minecraft:parrot":4,"iter_rpg:blob":1,"minecraft:skeleton":2,"minecraft:pillager":3,"minecraft:zombie":8,"undead_unleashed:haunter":1}},"DataVersion":3120}