{"stats":{"minecraft:dropped":{"minecraft:wooden_axe":1,"forbidden_arcanus:spawner_scrap":1,"minecraft:feather":1,"minecraft:rotten_flesh":2,"minecraft:wooden_pickaxe":1,"enigmaticlegacy:cursed_ring":1},"minecraft:custom":{"minecraft:time_since_rest":4332,"enigmaticlegacy:play_time_with_seven_curses":0,"minecraft:sprint_one_cm":36761,"lootr:looted_stat":33,"minecraft:damage_taken":1444,"minecraft:walk_one_cm":33201,"minecraft:mob_kills":7,"minecraft:drop":6,"minecraft:damage_dealt":1845,"enigmaticlegacy:play_time_without_seven_curses":22913,"minecraft:swim_one_cm":19796,"minecraft:interact_with_crafting_table":7,"minecraft:fly_one_cm":22013,"minecraft:crouch_one_cm":539,"minecraft:play_time":22968,"minecraft:deaths":2,"minecraft:sneak_time":615,"minecraft:walk_under_water_one_cm":8738,"minecraft:boat_one_cm":318,"minecraft:damage_dealt_resisted":0,"minecraft:jump":124,"minecraft:leave_game":1,"minecraft:time_since_death":4308,"minecraft:walk_on_water_one_cm":11377,"minecraft:total_world_time":22968,"minecraft:climb_one_cm":4122,"minecraft:damage_resisted":0,"minecraft:fall_one_cm":3228},"minecraft:picked_up":{"iter_rpg:spawner_fragment":3,"minecraft:feather":1,"minecraft:crafting_table":1,"minecraft:wooden_pickaxe":1,"minecraft:spruce_stairs":1,"minecraft:birch_planks":14,"minecraft:oak_log":1,"minecraft:oak_trapdoor":1,"minecraft:string":1,"atmospheric:rosewood_boat":1,"atmospheric:rosewood_log":10,"minecraft:dirt":1,"minecraft:dark_oak_planks":7,"minecraft:rotten_flesh":8,"minecraft:melon_slice":14,"minecraft:oak_planks":3,"forbidden_arcanus:spawner_scrap":8,"minecraft:dark_oak_stairs":4,"minecraft:wooden_axe":1},"minecraft:mined":{"minecraft:dark_oak_planks":7,"minecraft:spruce_stairs":1,"minecraft:birch_planks":14,"minecraft:crafting_table":1,"minecraft:dark_oak_stairs":4,"minecraft:bookshelf":3,"minecraft:melon":3,"atmospheric:rosewood_leaves":5,"minecraft:oak_log":1,"atmospheric:rosewood_log":10,"atmospheric:crustose":1,"atmospheric:golden_growths":1,"minecraft:spawner":9},"minecraft:crafted":{"atmospheric:rosewood_boat":1,"minecraft:diamond_sword":1,"minecraft:iron_chestplate":1,"minecraft:shield":1,"minecraft:diamond_axe":1,"minecraft:crafting_table":1,"minecraft:stick":8,"minecraft:iron_pickaxe":1,"minecraft:wooden_pickaxe":1,"minecraft:wooden_axe":1,"atmospheric:rosewood_planks":40},"minecraft:killed_by":{"minecraft:skeleton":1,"minecraft:creeper":1},"minecraft:used":{"minecraft:wooden_axe":21,"alexsmobs:cooked_catfish":1,"minecraft:birch_planks":14,"minecraft:bread":3,"atmospheric:rosewood_planks":3,"minecraft:iron_pickaxe":12,"minecraft:diamond_axe":18,"minecraft:iron_boots":3,"minecraft:iron_chestplate":2,"minecraft:diamond_sword":46,"minecraft:dirt":1,"minecraft:crafting_table":2,"minecraft:turtle_helmet":2,"atmospheric:rosewood_boat":1},"minecraft:killed":{"minecraft:parrot":1,"minecraft:zombie":4,"minecraft:drowned":2}},"DataVersion":3120}