{"stats":{"minecraft:dropped":{"enigmaticlegacy:cursed_ring":1},"minecraft:custom":{"minecraft:time_since_rest":10968,"enigmaticlegacy:play_time_with_seven_curses":0,"minecraft:sprint_one_cm":4771,"lootr:looted_stat":7,"minecraft:walk_one_cm":6180,"minecraft:drop":1,"minecraft:damage_dealt":40,"enigmaticlegacy:play_time_without_seven_curses":10968,"minecraft:swim_one_cm":3140,"minecraft:interact_with_crafting_table":3,"minecraft:fly_one_cm":5861,"minecraft:crouch_one_cm":177,"minecraft:play_time":10968,"minecraft:sneak_time":200,"minecraft:walk_under_water_one_cm":936,"minecraft:boat_one_cm":318,"minecraft:jump":49,"minecraft:leave_game":1,"minecraft:time_since_death":10968,"minecraft:walk_on_water_one_cm":240,"minecraft:total_world_time":10968,"minecraft:climb_one_cm":748,"minecraft:fall_one_cm":1695},"minecraft:picked_up":{"minecraft:crafting_table":1,"minecraft:spruce_stairs":1,"minecraft:birch_planks":5,"atmospheric:rosewood_log":10,"minecraft:dirt":1,"minecraft:dark_oak_planks":6,"minecraft:dark_oak_stairs":2},"minecraft:mined":{"minecraft:dark_oak_planks":6,"minecraft:spruce_stairs":1,"minecraft:birch_planks":5,"minecraft:crafting_table":1,"minecraft:dark_oak_stairs":2,"atmospheric:rosewood_leaves":5,"atmospheric:rosewood_log":10,"atmospheric:crustose":1,"atmospheric:golden_growths":1},"minecraft:crafted":{"atmospheric:rosewood_boat":1,"minecraft:shield":1,"minecraft:crafting_table":1,"minecraft:stick":8,"minecraft:iron_pickaxe":1,"minecraft:wooden_pickaxe":1,"minecraft:wooden_axe":1,"atmospheric:rosewood_planks":40},"minecraft:used":{"minecraft:wooden_axe":15,"minecraft:birch_planks":2,"atmospheric:rosewood_planks":3,"minecraft:iron_pickaxe":1,"minecraft:dirt":1,"minecraft:crafting_table":2,"atmospheric:rosewood_boat":1}},"DataVersion":3120}