{"stats":{"minecraft:mined":{"minecraft:oak_log":1},"minecraft:custom":{"minecraft:jump":47,"minecraft:time_since_rest":2197,"minecraft:leave_game":1,"minecraft:crouch_one_cm":944,"minecraft:sprint_one_cm":2131,"minecraft:play_time":2197,"minecraft:time_since_death":2197,"minecraft:walk_one_cm":11016,"minecraft:sneak_time":307,"minecraft:total_world_time":2197,"minecraft:fall_one_cm":627,"minecraft:fly_one_cm":3430},"minecraft:picked_up":{"minecraft:oak_log":1},"minecraft:used":{"minecraft:oak_log":1}},"DataVersion":3120}