{"stats":{"minecraft:custom":{"minecraft:time_since_rest":27942,"minecraft:open_chest":1,"enigmaticlegacy:play_time_with_seven_curses":0,"minecraft:play_time":27942,"minecraft:sprint_one_cm":8980,"minecraft:damage_taken":204,"minecraft:walk_one_cm":79447,"minecraft:sneak_time":18,"minecraft:drop":5,"minecraft:jump":29,"minecraft:damage_dealt":39,"minecraft:time_since_death":27942,"enigmaticlegacy:play_time_without_seven_curses":27942,"minecraft:total_world_time":27942,"minecraft:fall_one_cm":2693,"minecraft:fly_one_cm":6185},"minecraft:dropped":{"minecraft:wooden_sword":1,"farmersdelight:ratatouille":2,"minecraft:bowl":2},"minecraft:mined":{"minecraft:grass_block":1},"minecraft:used":{"minecraft:dirt":1},"minecraft:picked_up":{"minecraft:wooden_sword":1,"minecraft:bowl":4,"farmersdelight:ratatouille":2,"minecraft:acacia_sapling":1,"minecraft:dirt":1}},"DataVersion":3120}