{"stats":{"minecraft:dropped":{"minecraft:clock":1,"minecraft:wheat_seeds":4,"minecraft:glow_ink_sac":2,"minecraft:diamond":2,"minecraft:cobblestone":151,"darkerdepths:shale":14,"minecraft:granite":18,"minecraft:leather_helmet":2,"minecraft:coal_block":14,"minecraft:music_disc_13":1,"twigs:pebble":28,"minecraft:dirt":2,"byg:soapstone":10,"minecraft:bone_meal":5,"minecraft:string":4,"minecraft:lily_pad":1,"atmospheric:aspen_sapling":1,"minecraft:bone":8,"minecraft:gold_ingot":1,"minecraft:kelp":3,"minecraft:sweet_berries":2,"minecraft:raw_copper":29,"minecraft:bowl":3,"minecraft:birch_sapling":2,"majruszsaccessories:miner_guide":1,"minecraft:rotten_flesh":9,"minecraft:polished_deepslate_stairs":3,"minecraft:leather_chestplate":1,"minecraft:gunpowder":1,"undead_unleashed:grave_metal_axe":1,"aether:iron_gloves":1,"minecraft:diamond_pickaxe":1,"apotheosis:gem":1,"minecraft:wooden_shovel":1,"minecraft:wooden_pickaxe":2,"iter_rpg:stone_scythe":2},"minecraft:custom":{"enigmaticlegacy:play_time_with_seven_curses":0,"lootr:looted_stat":25,"minecraft:mob_kills":51,"minecraft:interact_with_crafting_table":21,"goblintraders:trade_with_goblin":98,"minecraft:damage_dealt_resisted":0,"minecraft:time_since_death":44687,"minecraft:leave_game":1,"minecraft:climb_one_cm":1488,"minecraft:damage_resisted":0,"minecraft:sprint_one_cm":50598,"minecraft:walk_one_cm":575883,"minecraft:drop":54,"minecraft:talked_to_villager":2,"minecraft:play_time":236335,"minecraft:deaths":13,"minecraft:sneak_time":6191,"minecraft:walk_under_water_one_cm":1557,"minecraft:boat_one_cm":626,"minecraft:jump":909,"minecraft:walk_on_water_one_cm":11943,"minecraft:total_world_time":236335,"minecraft:interact_with_furnace":18,"enigmaticlegacy:play_time_without_seven_curses":235921,"minecraft:sleep_in_bed":1,"minecraft:time_since_rest":44715,"minecraft:damage_taken":4588,"minecraft:damage_absorbed":120,"minecraft:trigger_trapped_chest":2,"minecraft:damage_dealt":23242,"minecraft:fly_one_cm":39286,"minecraft:swim_one_cm":4062,"minecraft:open_chest":19,"minecraft:crouch_one_cm":11782,"minecraft:open_bag_of_spoils":1,"minecraft:fall_one_cm":9289},"minecraft:picked_up":{"iter_rpg:spawner_fragment":1,"sophisticatedbackpacks:gold_backpack":1,"minecraft:wheat":8,"minecraft:crafting_table":3,"byg:soapstone":61,"undead_unleashed:cursed_cloth":1,"aether:iron_gloves":1,"minecraft:lead":1,"atmospheric:aspen_sapling":1,"minecraft:wooden_pickaxe":1,"minecraft:gold_block":70,"forbidden_arcanus:xpetrified_orb":5,"minecraft:string":35,"skilltree:wisdom_scroll":1,"minecraft:raw_copper":118,"minecraft:iron_axe":2,"minecraft:wooden_sword":1,"darkerdepths:shale":28,"atmospheric:aspen_log":5,"twigs:opaline_seashell":1,"cisco_mod:adventurer_chestplate":1,"irons_spellbooks:arcane_essence":4,"minecraft:gold_nugget":54,"minecraft:cobbled_deepslate":23,"twigs:pebble":34,"minecraft:wooden_shovel":1,"minecraft:iron_nugget":19,"minecraft:iron_pickaxe":1,"minecraft:coal_block":14,"minecraft:birch_sapling":2,"atmospheric:aspen_planks":9,"farmersdelight:cabbage_seeds":6,"minecraft:furnace":1,"blue_skies:bag_of_spoils":1,"minecraft:raw_iron":151,"apotheosis:rare_material":5,"apotheosis:gem":28,"minecraft:raw_gold_block":60,"minecraft:polished_deepslate_stairs":6,"minecraft:copper_ingot":2,"minecraft:bowl":3,"minecraft:torch":1,"minecraft:porkchop":10,"minecraft:diorite":78,"minecraft:redstone":59,"majruszsaccessories:dream_catcher":2,"minecraft:stone_sword":1,"minecraft:arrow":3,"minecraft:rotten_flesh":29,"cisco_mod:adventurer_leggings":1,"majruszsaccessories:lucky_rock":2,"supplementaries:antique_ink":1,"minecraft:hay_block":9,"minecraft:gold_ingot":2,"supplementaries:ash":22,"forbidden_arcanus:spawner_scrap":3,"minecraft:skeleton_skull":11,"minecraft:cobblestone":975,"woodworks:birch_chest":3,"minecraft:birch_log":12,"forbidden_arcanus:stellarite_piece":1,"minecraft:magma_block":20,"minecraft:leather_chestplate":2,"minecraft:clock":1,"minecraft:glow_ink_sac":6,"minecraft:andesite":6,"minecraft:flint":9,"savage_and_ravage:creeper_spores":2,"minecraft:lily_pad":1,"supplementaries:flax_seeds":1,"minecraft:gunpowder":1,"minecraft:lapis_lazuli":143,"minecraft:dirt":3,"minecraft:bone":34,"majruszsaccessories:miner_guide":1,"minecraft:raw_gold":103,"minecraft:gray_carpet":2,"minecraft:wheat_seeds":4,"minecraft:kelp":3,"darkerdepths:amber":3,"simplyswords:iron_warglaive":3,"iter_rpg:potsherd":5,"cisco_mod:adventurer_helmet":1,"iter_rpg:stone_scythe":2,"forbidden_arcanus:rune":2,"twigs:twig":2,"galosphere:raw_silver":10,"apotheosis:gem_dust":1,"minecraft:music_disc_13":1,"minecraft:emerald_block":15,"irons_spellbooks:frozen_bone":3,"minecraft:birch_boat":1,"minecraft:sweet_berries":4,"iter_rpg:spider_silk":2,"minecraft:gravel":59,"enigmaticlegacy:enigmatic_amulet":1,"undead_unleashed:grave_metal_scrap":2,"delightful:salmonberries":9,"fruitsdelight:pear":1,"minecraft:spider_eye":1,"farmersdelight:bacon_and_eggs":14,"minecraft:leather_helmet":4,"forbidden_arcanus:ender_pearl_fragment":1,"forbidden_arcanus:arcane_crystal":15,"minecraft:diamond":5,"iter_rpg:abyssquartz_shard":4,"minecraft:granite":44,"minecraft:bone_meal":5,"minecraft:golden_apple":35,"undead_unleashed:grave_metal_axe":2,"minecraft:emerald":15,"minecraft:coal":309,"minecraft:netherite_hoe":1,"minecraft:diamond_pickaxe":4,"enigmaticlegacy:magnet_ring":1,"minecraft:ender_pearl":1},"minecraft:broken":{"aether:iron_gloves":1,"minecraft:wooden_sword":1},"minecraft:mined":{"forbidden_arcanus:stella_arcanum":1,"minecraft:deepslate_diamond_ore":3,"minecraft:granite":27,"darkerdepths:amber":3,"minecraft:spruce_leaves":3,"iter_rpg:big_vase":1,"minecraft:spawner":3,"woodworks:birch_chest":3,"minecraft:hay_block":9,"minecraft:magma_block":20,"minecraft:redstone_ore":8,"forbidden_arcanus:deepslate_arcane_crystal_ore":15,"minecraft:furnace":1,"iter_rpg:small_vase":3,"minecraft:raw_gold_block":60,"minecraft:iron_ore":102,"minecraft:andesite":6,"minecraft:deepslate_lapis_ore":12,"minecraft:gold_block":70,"minecraft:deepslate_iron_ore":47,"minecraft:stone":741,"atmospheric:aspen_log":5,"minecraft:deepslate_redstone_ore":4,"atmospheric:aspen_planks":9,"minecraft:polished_deepslate_stairs":3,"atmospheric:aspen_leaves":4,"minecraft:crafting_table":3,"iter_rpg:vase":3,"galosphere:silver_ore":10,"minecraft:cobblestone":29,"minecraft:copper_ore":30,"minecraft:deepslate_gold_ore":22,"minecraft:lapis_ore":7,"delightful:wild_salmonberries":9,"blue_skies:bag_of_spoils":1,"minecraft:diorite":78,"supplementaries:urn":17,"minecraft:skeleton_skull":11,"byg:soapstone":61,"forbidden_arcanus:xpetrified_ore":5,"minecraft:birch_log":12,"iter_rpg:abyss_quartz":3,"minecraft:grass":10,"iter_rpg:spider_egg":2,"minecraft:coal_ore":247,"minecraft:gravel":67,"minecraft:gray_carpet":2,"minecraft:cobweb":25,"minecraft:gold_ore":8,"forbidden_arcanus:runic_deepslate":2,"minecraft:deepslate":23,"minecraft:emerald_block":15,"minecraft:fern":1},"minecraft:crafted":{"minecraft:furnace":1,"minecraft:bone_meal":3,"sophisticatedbackpacks:crafting_upgrade":1,"simplyswords:iron_warglaive":1,"cisco_mod:adventurer_leggings":1,"cisco_mod:adventurer_helmet":1,"minecraft:coal_block":14,"minecraft:crafting_table":2,"minecraft:wooden_pickaxe":1,"minecraft:leather_helmet":1,"minecraft:birch_planks":48,"minecraft:air":0,"minecraft:raw_gold":171,"minecraft:stick":48,"minecraft:iron_ingot":143,"minecraft:gold_ingot":143,"atmospheric:aspen_planks":20,"minecraft:torch":72},"minecraft:killed_by":{"undead_unleashed:shadewraith":5,"minecraft:skeleton":2,"minecraft:zombie":5,"majruszsdifficulty:cursed_armor":1},"minecraft:used":{"minecraft:writable_book":1,"fruitsdelight:pear":1,"simplyswords:iron_warglaive":577,"minecraft:torch":7,"minecraft:granite":1,"minecraft:iron_axe":3,"blue_skies:bag_of_spoils":1,"woodworks:birch_chest":4,"minecraft:furnace":1,"iter_rpg:stone_scythe":95,"minecraft:birch_boat":1,"minecraft:golden_apple":3,"minecraft:crafting_table":3,"atmospheric:aspen_planks":9,"farmersdelight:bacon_and_eggs":12,"minecraft:diamond_pickaxe":1385,"minecraft:iron_pickaxe":311,"byg:soapstone":44,"minecraft:wooden_sword":45,"minecraft:cobblestone":82,"minecraft:cobweb":10},"minecraft:killed":{"minecraft:spider":1,"enemyexpansion:direwolf":3,"minecraft:skeleton":5,"minecraft:pig":5,"iter_rpg:spiderling":8,"enemyexpansion:sprinter":1,"majruszsdifficulty:cursed_armor":3,"whisperwoods:zotzpyre":2,"minecraft:zombie":11,"undead_unleashed:shadewraith":1,"enemyexpansion:botfly":8,"minecraft:stray":1,"undead_unleashed:haunter":1,"minecraft:enderman":1}},"DataVersion":3120}