{"stats":{"minecraft:dropped":{"aquaculture:wooden_fillet_knife":2},"minecraft:custom":{"enigmaticlegacy:play_time_with_seven_curses":52663,"minecraft:interact_with_furnace":8,"minecraft:mob_kills":10,"enigmaticlegacy:play_time_without_seven_curses":42920,"minecraft:interact_with_crafting_table":20,"goblintraders:trade_with_goblin":43,"minecraft:damage_dealt_resisted":0,"minecraft:leave_game":2,"minecraft:time_since_death":99,"minecraft:damage_resisted":0,"minecraft:time_since_rest":154,"minecraft:sprint_one_cm":154744,"minecraft:damage_taken":2155,"minecraft:walk_one_cm":271532,"minecraft:drop":2,"minecraft:damage_dealt":4612,"minecraft:swim_one_cm":19151,"minecraft:fly_one_cm":114524,"minecraft:open_chest":3,"minecraft:crouch_one_cm":7541,"minecraft:play_time":97643,"minecraft:deaths":10,"minecraft:sneak_time":1751,"minecraft:walk_under_water_one_cm":7876,"minecraft:jump":799,"minecraft:walk_on_water_one_cm":18109,"minecraft:total_world_time":97643,"minecraft:fall_one_cm":16362},"minecraft:picked_up":{"minecraft:birch_log":21,"minecraft:crafting_table":1,"byg:soapstone":14,"minecraft:andesite":13,"byg:foxglove":2,"aether:iron_gloves":1,"minecraft:tuff":1,"byg:dacite_cobblestone":33,"forbidden_arcanus:xpetrified_orb":1,"minecraft:string":1,"minecraft:raw_copper":30,"minecraft:wooden_sword":1,"minecraft:apple":4,"minecraft:wheat_seeds":2,"minecraft:cobbled_deepslate":34,"minecraft:raw_gold":18,"galosphere:raw_silver":6,"twigs:twig":4,"minecraft:birch_sapling":7,"farmersdelight:ratatouille":16,"minecraft:raw_iron":36,"apotheosis:gem":4,"ecologics:coconut_slice":10,"minecraft:torch":12,"enigmaticlegacy:enigmatic_amulet":1,"ecologics:coconut_husk":8,"minecraft:diorite":24,"origins:orb_of_origin":1,"minecraft:spider_eye":1,"minecraft:mossy_cobblestone":2,"farmersdelight:bacon_and_eggs":16,"forbidden_arcanus:arcane_crystal":14,"minecraft:rotten_flesh":4,"minecraft:diamond":4,"minecraft:granite":12,"minecraft:emerald":4,"simplyswords:iron_chakram":1,"twigs:rhyolite":7,"minecraft:coal":12,"twigs:tangerine_seashell":1,"minecraft:skeleton_skull":1,"minecraft:cobblestone":100},"minecraft:mined":{"byg:dacite":30,"minecraft:tuff":1,"minecraft:deepslate_diamond_ore":2,"galosphere:deepslate_silver_ore":6,"minecraft:crafting_table":1,"minecraft:granite":12,"minecraft:emerald_ore":1,"minecraft:copper_ore":9,"byg:overgrown_dacite":3,"minecraft:deepslate_gold_ore":8,"minecraft:diorite":24,"supplementaries:urn":1,"byg:soapstone":14,"forbidden_arcanus:deepslate_arcane_crystal_ore":14,"forbidden_arcanus:xpetrified_ore":1,"minecraft:birch_log":21,"minecraft:iron_ore":12,"twigs:tangerine_seashell":1,"minecraft:andesite":13,"minecraft:grass":12,"minecraft:coal_ore":10,"minecraft:deepslate_iron_ore":22,"twigs:rhyolite":7,"minecraft:stone":100,"minecraft:deepslate":34},"minecraft:crafted":{"woodworks:birch_chest":1,"minecraft:emerald":3,"minecraft:crafting_table":1,"minecraft:iron_helmet":1,"minecraft:copper_ingot":60,"minecraft:birch_planks":44,"minecraft:air":0,"minecraft:iron_boots":1,"minecraft:iron_chestplate":1,"minecraft:stick":8,"minecraft:iron_ingot":45,"minecraft:iron_leggings":1,"minecraft:gold_ingot":3},"minecraft:used":{"aquaculture:wooden_fillet_knife":47,"simplyswords:iron_chakram":129,"minecraft:crafting_table":3,"farmersdelight:bacon_and_eggs":2,"minecraft:wooden_axe":1,"minecraft:diamond_pickaxe":324,"minecraft:iron_boots":1,"ecologics:coconut_slice":8,"minecraft:cobblestone":1,"woodworks:birch_chest":1,"minecraft:furnace":1,"minecraft:cobbled_deepslate":2},"minecraft:killed_by":{"sons_of_sins:betrayed_guzzler":1,"minecraft:cave_spider":1,"minecraft:skeleton":3,"minecraft:witch":1,"minecraft:pillager":3,"ecologics:coconut_crab":1},"minecraft:killed":{"minecraft:cave_spider":1,"minecraft:spider":1,"minecraft:pillager":1,"minecraft:zombie":6,"goblintraders:goblin_trader":1}},"DataVersion":3120}