{"stats":{"minecraft:custom":{"minecraft:jump":23,"minecraft:open_chest":1,"minecraft:time_since_rest":15942,"enigmaticlegacy:play_time_with_seven_curses":0,"minecraft:damage_dealt":39,"minecraft:sprint_one_cm":7237,"minecraft:play_time":15942,"minecraft:damage_taken":204,"minecraft:time_since_death":15942,"minecraft:walk_one_cm":43707,"minecraft:sneak_time":18,"enigmaticlegacy:play_time_without_seven_curses":15942,"minecraft:total_world_time":15942,"minecraft:drop":2,"minecraft:fall_one_cm":2693,"minecraft:fly_one_cm":6003},"minecraft:dropped":{"minecraft:bowl":2},"minecraft:mined":{"minecraft:grass_block":1},"minecraft:picked_up":{"minecraft:bowl":2,"minecraft:acacia_sapling":1,"minecraft:dirt":1},"minecraft:used":{"minecraft:dirt":1}},"DataVersion":3120}