{"stats":{"minecraft:custom":{"minecraft:time_since_rest":2194,"minecraft:open_chest":1,"enigmaticlegacy:play_time_with_seven_curses":0,"minecraft:crouch_one_cm":320,"minecraft:play_time":28062,"minecraft:sprint_one_cm":1092,"minecraft:walk_one_cm":29669,"minecraft:damage_taken":252,"minecraft:deaths":1,"minecraft:sneak_time":51,"minecraft:drop":1,"minecraft:aviate_one_cm":7104,"minecraft:jump":21,"minecraft:time_since_death":2054,"minecraft:sleep_in_bed":2,"enigmaticlegacy:play_time_without_seven_curses":27922,"minecraft:total_world_time":28062,"minecraft:fall_one_cm":2324,"minecraft:fly_one_cm":1956},"minecraft:dropped":{"enigmaticlegacy:enigmatic_amulet":1},"minecraft:picked_up":{"minecraft:wooden_sword":1,"patchouli:guide_book":2,"enigmaticlegacy:cursed_ring":1,"enigmaticlegacy:enigmatic_amulet":2,"minecraft:acacia_sapling":1}},"DataVersion":3120}