{"stats":{"minecraft:dropped":{"minecraft:wheat_seeds":5,"minecraft:oak_log":16,"majruszsaccessories:adventurer_kit":1,"minecraft:wheat":14,"minecraft:beetroot":1,"minecraft:iron_helmet":2,"minecraft:book":3,"minecraft:iron_hoe":1,"beachparty:rubber_ring_axolotl":1,"byg:orchard_sapling":4,"minecraft:dirt":4,"minecraft:hay_block":17,"beachparty:overgrown_disc":3,"minecraft:ink_sac":2,"minecraft:map":4},"minecraft:custom":{"enigmaticlegacy:play_time_with_seven_curses":42689,"minecraft:interact_with_furnace":5,"lootr:looted_stat":19,"minecraft:mob_kills":3,"enigmaticlegacy:play_time_without_seven_curses":13134,"minecraft:interact_with_crafting_table":7,"minecraft:leave_game":2,"minecraft:time_since_death":9061,"minecraft:sleep_in_bed":3,"minecraft:climb_one_cm":3689,"minecraft:damage_resisted":0,"minecraft:time_since_rest":1647,"minecraft:waystone_activated":1,"minecraft:sprint_one_cm":86387,"minecraft:damage_taken":5522,"minecraft:walk_one_cm":150067,"minecraft:drop":28,"minecraft:damage_dealt":1524,"minecraft:fly_one_cm":145155,"minecraft:crouch_one_cm":2803,"minecraft:play_time":57001,"minecraft:deaths":18,"minecraft:sneak_time":1411,"minecraft:jump":960,"minecraft:total_world_time":57001,"minecraft:fall_one_cm":22717},"minecraft:picked_up":{"minecraft:wheat":35,"minecraft:salmon":11,"aether:iron_gloves":3,"minecraft:enchanted_book":1,"minecraft:oak_log":46,"byg:orchard_sapling":4,"minecraft:map":4,"minecraft:dirt":4,"minecraft:apple":1,"minecraft:wheat_seeds":5,"irons_spellbooks:conjurers_talisman":1,"beachparty:overgrown_disc":2,"minecraft:book":3,"minecraft:stick":7,"apotheosis:gem":1,"patchouli:guide_book":1,"enigmaticlegacy:enigmatic_amulet":2,"minecraft:purple_bed":3,"minecraft:iron_helmet":1,"minecraft:hay_block":63,"minecraft:golden_apple":2,"minecraft:emerald":10,"minecraft:gold_ingot":4,"minecraft:bread":74,"minecraft:coal":38,"minecraft:cobblestone":23},"minecraft:mined":{"byg:dacite":1,"minecraft:light_blue_stained_glass_pane":8,"byg:clover_patch":1,"minecraft:grass_block":2,"minecraft:poppy":1,"minecraft:tall_grass":11,"byg:lush_grass_block":1,"minecraft:hay_block":46,"minecraft:purple_bed":3,"minecraft:birch_leaves":2,"minecraft:grass":23,"minecraft:oak_log":30,"minecraft:coal_ore":30,"byg:skyris_bookshelf":1,"minecraft:stone":23,"minecraft:oak_leaves":4},"minecraft:crafted":{"minecraft:oak_planks":64,"minecraft:bread":64,"minecraft:air":0,"minecraft:iron_ingot":3,"minecraft:wheat":254},"minecraft:used":{"waystones:sandy_waystone":1,"minecraft:salmon":4,"minecraft:torch":1,"minecraft:crafting_table":1,"minecraft:apple":1,"beachparty:rubber_ring_axolotl":2,"minecraft:bread":13,"minecraft:iron_pickaxe":54,"minecraft:iron_helmet":3,"minecraft:cobblestone":3,"minecraft:purple_bed":3,"alexsmobs:animal_dictionary":1,"minecraft:experience_bottle":8},"minecraft:killed_by":{"sons_of_sins:betrayed_guzzler":1,"takesapillage:legioner":1,"alexsmobs:grizzly_bear":15,"takesapillage:archer":1},"minecraft:killed":{"alexsmobs:grizzly_bear":2}},"DataVersion":3120}