{"stats":{"minecraft:custom":{"minecraft:open_chest":4,"minecraft:time_since_rest":4226,"enigmaticlegacy:play_time_with_seven_curses":0,"minecraft:crouch_one_cm":464,"minecraft:interact_with_furnace":1,"minecraft:play_time":15905,"minecraft:sprint_one_cm":9491,"minecraft:damage_taken":189,"minecraft:walk_one_cm":44239,"minecraft:sneak_time":117,"minecraft:drop":7,"minecraft:jump":50,"minecraft:damage_dealt":27,"minecraft:time_since_death":15905,"minecraft:sleep_in_bed":2,"enigmaticlegacy:play_time_without_seven_curses":15905,"minecraft:total_world_time":15905,"minecraft:interact_with_crafting_table":1,"minecraft:fall_one_cm":1254,"minecraft:fly_one_cm":7415},"minecraft:dropped":{"enigmaticlegacy:cursed_ring":1,"minecraft:acacia_sapling":5,"minecraft:stick":1},"minecraft:crafted":{"minecraft:acacia_planks":32,"minecraft:stone_axe":1,"minecraft:crafting_table":1,"minecraft:stone_sword":1,"minecraft:stone_pickaxe":1,"minecraft:stick":16},"minecraft:mined":{"minecraft:grass_block":2,"minecraft:grass":1,"minecraft:acacia_log":8,"minecraft:acacia_leaves":4,"minecraft:red_bed":3,"minecraft:dirt":5,"minecraft:stone":52,"minecraft:bookshelf":3},"minecraft:used":{"minecraft:crafting_table":1,"minecraft:red_bed":3,"alexsmobs:animal_dictionary":1},"minecraft:picked_up":{"minecraft:stick":1,"alexsmobs:acacia_blossom":1,"minecraft:acacia_log":8,"minecraft:book":9,"minecraft:red_bed":3,"minecraft:dirt":7,"minecraft:acacia_sapling":5,"minecraft:cobblestone":52}},"DataVersion":3120}