{"stats":{"minecraft:custom":{"minecraft:time_since_rest":16226,"enigmaticlegacy:play_time_with_seven_curses":0,"minecraft:interact_with_furnace":1,"minecraft:sprint_one_cm":10874,"minecraft:damage_taken":225,"minecraft:walk_one_cm":63219,"minecraft:drop":17,"minecraft:damage_dealt":44,"enigmaticlegacy:play_time_without_seven_curses":27905,"minecraft:interact_with_crafting_table":1,"minecraft:fly_one_cm":10493,"minecraft:open_chest":4,"minecraft:crouch_one_cm":464,"minecraft:play_time":27905,"minecraft:sneak_time":117,"minecraft:jump":65,"minecraft:time_since_death":27905,"minecraft:sleep_in_bed":2,"minecraft:total_world_time":27905,"minecraft:fall_one_cm":1463},"minecraft:dropped":{"minecraft:red_bed":1,"alexsmobs:acacia_blossom":1,"minecraft:acacia_sapling":5,"minecraft:wooden_sword":2,"farmersdelight:ratatouille":2,"enigmaticlegacy:enigmatic_amulet":1,"patchouli:guide_book":2,"enigmaticlegacy:cursed_ring":2,"minecraft:stick":1},"minecraft:crafted":{"minecraft:crafting_table":1,"minecraft:stick":16,"minecraft:stone_pickaxe":1,"minecraft:stone_sword":1,"minecraft:acacia_planks":32,"minecraft:stone_axe":1},"minecraft:mined":{"minecraft:acacia_leaves":4,"minecraft:red_bed":3,"minecraft:grass":1,"minecraft:acacia_log":8,"minecraft:bookshelf":3,"minecraft:grass_block":2,"minecraft:dirt":5,"minecraft:stone":52},"minecraft:used":{"farmersdelight:bacon_and_eggs":1,"farmersdelight:ratatouille":1,"minecraft:crafting_table":1,"minecraft:red_bed":3,"alexsmobs:animal_dictionary":1},"minecraft:picked_up":{"minecraft:book":9,"minecraft:stick":1,"alexsmobs:acacia_blossom":1,"minecraft:acacia_log":8,"minecraft:dirt":7,"minecraft:red_bed":4,"minecraft:wooden_sword":1,"minecraft:acacia_sapling":5,"farmersdelight:ratatouille":2,"minecraft:cobblestone":52}},"DataVersion":3120}