{
  "minecraft:recipes/misc/charcoal": {
    "criteria": {
      "has_log": "2024-08-02 04:31:20 +0000"
    },
    "done": true
  },
  "minecraft:recipes/building_blocks/oak_planks": {
    "criteria": {
      "has_logs": "2024-08-02 04:31:20 +0000"
    },
    "done": true
  },
  "minecraft:recipes/building_blocks/oak_wood": {
    "criteria": {
      "has_log": "2024-08-02 04:31:20 +0000"
    },
    "done": true
  },
  "minecraft:adventure/adventuring_time": {
    "criteria": {
      "minecraft:stony_shore": "2024-08-02 04:29:57 +0000",
      "minecraft:forest": "2024-08-02 04:29:44 +0000"
    },
    "done": false
  },
  "DataVersion": 3120
}